,image,atributes,categories
0,OCT05_OCTID/Central-serous-retinopathy-retinal-OCT-images/CSR71.jpeg,[],['central serous retinopathy']
1,OCT05_OCTID/Central-serous-retinopathy-retinal-OCT-images/CSR88.jpeg,[],['central serous retinopathy']
2,OCT05_OCTID/Central-serous-retinopathy-retinal-OCT-images/CSR92.jpeg,[],['central serous retinopathy']
3,OCT05_OCTID/Central-serous-retinopathy-retinal-OCT-images/CSR29.jpeg,[],['central serous retinopathy']
4,OCT05_OCTID/Central-serous-retinopathy-retinal-OCT-images/CSR97.jpeg,[],['central serous retinopathy']
5,OCT05_OCTID/Central-serous-retinopathy-retinal-OCT-images/CSR90.jpeg,[],['central serous retinopathy']
6,OCT05_OCTID/Central-serous-retinopathy-retinal-OCT-images/CSR23.jpeg,[],['central serous retinopathy']
7,OCT05_OCTID/Central-serous-retinopathy-retinal-OCT-images/CSR84.jpeg,[],['central serous retinopathy']
8,OCT05_OCTID/Central-serous-retinopathy-retinal-OCT-images/CSR93.jpeg,[],['central serous retinopathy']
9,OCT05_OCTID/Central-serous-retinopathy-retinal-OCT-images/CSR43.jpeg,[],['central serous retinopathy']
10,OCT05_OCTID/Central-serous-retinopathy-retinal-OCT-images/CSR14.jpeg,[],['central serous retinopathy']
11,OCT05_OCTID/Central-serous-retinopathy-retinal-OCT-images/CSR36.jpeg,[],['central serous retinopathy']
12,OCT05_OCTID/Central-serous-retinopathy-retinal-OCT-images/CSR82.jpeg,[],['central serous retinopathy']
13,OCT05_OCTID/Central-serous-retinopathy-retinal-OCT-images/CSR51.jpeg,[],['central serous retinopathy']
14,OCT05_OCTID/Central-serous-retinopathy-retinal-OCT-images/CSR20.jpeg,[],['central serous retinopathy']
15,OCT05_OCTID/Central-serous-retinopathy-retinal-OCT-images/CSR64.jpeg,[],['central serous retinopathy']
16,OCT05_OCTID/Central-serous-retinopathy-retinal-OCT-images/CSR12.jpeg,[],['central serous retinopathy']
17,OCT05_OCTID/Central-serous-retinopathy-retinal-OCT-images/CSR15.jpeg,[],['central serous retinopathy']
18,OCT05_OCTID/Central-serous-retinopathy-retinal-OCT-images/CSR47.jpeg,[],['central serous retinopathy']
19,OCT05_OCTID/Central-serous-retinopathy-retinal-OCT-images/CSR95.jpeg,[],['central serous retinopathy']
20,OCT05_OCTID/Central-serous-retinopathy-retinal-OCT-images/CSR52.jpeg,[],['central serous retinopathy']
21,OCT05_OCTID/Central-serous-retinopathy-retinal-OCT-images/CSR8.jpeg,[],['central serous retinopathy']
22,OCT05_OCTID/Central-serous-retinopathy-retinal-OCT-images/CSR26.jpeg,[],['central serous retinopathy']
23,OCT05_OCTID/Central-serous-retinopathy-retinal-OCT-images/CSR30.jpeg,[],['central serous retinopathy']
24,OCT05_OCTID/Central-serous-retinopathy-retinal-OCT-images/CSR89.jpeg,[],['central serous retinopathy']
25,OCT05_OCTID/Central-serous-retinopathy-retinal-OCT-images/CSR79.jpeg,[],['central serous retinopathy']
26,OCT05_OCTID/Central-serous-retinopathy-retinal-OCT-images/CSR100.jpeg,[],['central serous retinopathy']
27,OCT05_OCTID/Central-serous-retinopathy-retinal-OCT-images/CSR63.jpeg,[],['central serous retinopathy']
28,OCT05_OCTID/Central-serous-retinopathy-retinal-OCT-images/CSR72.jpeg,[],['central serous retinopathy']
29,OCT05_OCTID/Central-serous-retinopathy-retinal-OCT-images/CSR5.jpeg,[],['central serous retinopathy']
30,OCT05_OCTID/Central-serous-retinopathy-retinal-OCT-images/CSR96.jpeg,[],['central serous retinopathy']
31,OCT05_OCTID/Central-serous-retinopathy-retinal-OCT-images/CSR101.jpeg,[],['central serous retinopathy']
32,OCT05_OCTID/Central-serous-retinopathy-retinal-OCT-images/CSR10.jpeg,[],['central serous retinopathy']
33,OCT05_OCTID/Central-serous-retinopathy-retinal-OCT-images/CSR38.jpeg,[],['central serous retinopathy']
34,OCT05_OCTID/Central-serous-retinopathy-retinal-OCT-images/CSR67.jpeg,[],['central serous retinopathy']
35,OCT05_OCTID/Central-serous-retinopathy-retinal-OCT-images/CSR78.jpeg,[],['central serous retinopathy']
36,OCT05_OCTID/Central-serous-retinopathy-retinal-OCT-images/CSR2.jpeg,[],['central serous retinopathy']
37,OCT05_OCTID/Central-serous-retinopathy-retinal-OCT-images/CSR45.jpeg,[],['central serous retinopathy']
38,OCT05_OCTID/Central-serous-retinopathy-retinal-OCT-images/CSR1.jpeg,[],['central serous retinopathy']
39,OCT05_OCTID/Central-serous-retinopathy-retinal-OCT-images/CSR6.jpeg,[],['central serous retinopathy']
40,OCT05_OCTID/Central-serous-retinopathy-retinal-OCT-images/CSR27.jpeg,[],['central serous retinopathy']
41,OCT05_OCTID/Central-serous-retinopathy-retinal-OCT-images/CSR46.jpeg,[],['central serous retinopathy']
42,OCT05_OCTID/Central-serous-retinopathy-retinal-OCT-images/CSR83.jpeg,[],['central serous retinopathy']
43,OCT05_OCTID/Central-serous-retinopathy-retinal-OCT-images/CSR57.jpeg,[],['central serous retinopathy']
44,OCT05_OCTID/Central-serous-retinopathy-retinal-OCT-images/CSR3.jpeg,[],['central serous retinopathy']
45,OCT05_OCTID/Central-serous-retinopathy-retinal-OCT-images/CSR56.jpeg,[],['central serous retinopathy']
46,OCT05_OCTID/Central-serous-retinopathy-retinal-OCT-images/CSR86.jpeg,[],['central serous retinopathy']
47,OCT05_OCTID/Central-serous-retinopathy-retinal-OCT-images/CSR65.jpeg,[],['central serous retinopathy']
48,OCT05_OCTID/Central-serous-retinopathy-retinal-OCT-images/CSR73.jpeg,[],['central serous retinopathy']
49,OCT05_OCTID/Central-serous-retinopathy-retinal-OCT-images/CSR76.jpeg,[],['central serous retinopathy']
50,OCT05_OCTID/Central-serous-retinopathy-retinal-OCT-images/CSR102.jpeg,[],['central serous retinopathy']
51,OCT05_OCTID/Central-serous-retinopathy-retinal-OCT-images/CSR17.jpeg,[],['central serous retinopathy']
52,OCT05_OCTID/Central-serous-retinopathy-retinal-OCT-images/CSR16.jpeg,[],['central serous retinopathy']
53,OCT05_OCTID/Central-serous-retinopathy-retinal-OCT-images/CSR94.jpeg,[],['central serous retinopathy']
54,OCT05_OCTID/Central-serous-retinopathy-retinal-OCT-images/CSR40.jpeg,[],['central serous retinopathy']
55,OCT05_OCTID/Central-serous-retinopathy-retinal-OCT-images/CSR81.jpeg,[],['central serous retinopathy']
56,OCT05_OCTID/Central-serous-retinopathy-retinal-OCT-images/CSR25.jpeg,[],['central serous retinopathy']
57,OCT05_OCTID/Central-serous-retinopathy-retinal-OCT-images/CSR21.jpeg,[],['central serous retinopathy']
58,OCT05_OCTID/Central-serous-retinopathy-retinal-OCT-images/CSR66.jpeg,[],['central serous retinopathy']
59,OCT05_OCTID/Central-serous-retinopathy-retinal-OCT-images/CSR19.jpeg,[],['central serous retinopathy']
60,OCT05_OCTID/Central-serous-retinopathy-retinal-OCT-images/CSR60.jpeg,[],['central serous retinopathy']
61,OCT05_OCTID/Central-serous-retinopathy-retinal-OCT-images/CSR42.jpeg,[],['central serous retinopathy']
62,OCT05_OCTID/Central-serous-retinopathy-retinal-OCT-images/CSR58.jpeg,[],['central serous retinopathy']
63,OCT05_OCTID/Central-serous-retinopathy-retinal-OCT-images/CSR98.jpeg,[],['central serous retinopathy']
64,OCT05_OCTID/Central-serous-retinopathy-retinal-OCT-images/CSR32.jpeg,[],['central serous retinopathy']
65,OCT05_OCTID/Central-serous-retinopathy-retinal-OCT-images/CSR68.jpeg,[],['central serous retinopathy']
66,OCT05_OCTID/Central-serous-retinopathy-retinal-OCT-images/CSR49.jpeg,[],['central serous retinopathy']
67,OCT05_OCTID/Central-serous-retinopathy-retinal-OCT-images/CSR37.jpeg,[],['central serous retinopathy']
68,OCT05_OCTID/Central-serous-retinopathy-retinal-OCT-images/CSR85.jpeg,[],['central serous retinopathy']
69,OCT05_OCTID/Central-serous-retinopathy-retinal-OCT-images/CSR11.jpeg,[],['central serous retinopathy']
70,OCT05_OCTID/Central-serous-retinopathy-retinal-OCT-images/CSR44.jpeg,[],['central serous retinopathy']
71,OCT05_OCTID/Central-serous-retinopathy-retinal-OCT-images/CSR74.jpeg,[],['central serous retinopathy']
72,OCT05_OCTID/Central-serous-retinopathy-retinal-OCT-images/CSR35.jpeg,[],['central serous retinopathy']
73,OCT05_OCTID/Central-serous-retinopathy-retinal-OCT-images/CSR91.jpeg,[],['central serous retinopathy']
74,OCT05_OCTID/Central-serous-retinopathy-retinal-OCT-images/CSR7.jpeg,[],['central serous retinopathy']
75,OCT05_OCTID/Central-serous-retinopathy-retinal-OCT-images/CSR62.jpeg,[],['central serous retinopathy']
76,OCT05_OCTID/Central-serous-retinopathy-retinal-OCT-images/CSR4.jpeg,[],['central serous retinopathy']
77,OCT05_OCTID/Central-serous-retinopathy-retinal-OCT-images/CSR87.jpeg,[],['central serous retinopathy']
78,OCT05_OCTID/Central-serous-retinopathy-retinal-OCT-images/CSR80.jpeg,[],['central serous retinopathy']
79,OCT05_OCTID/Central-serous-retinopathy-retinal-OCT-images/CSR34.jpeg,[],['central serous retinopathy']
80,OCT05_OCTID/Central-serous-retinopathy-retinal-OCT-images/CSR41.jpeg,[],['central serous retinopathy']
81,OCT05_OCTID/Central-serous-retinopathy-retinal-OCT-images/CSR61.jpeg,[],['central serous retinopathy']
82,OCT05_OCTID/Central-serous-retinopathy-retinal-OCT-images/CSR24.jpeg,[],['central serous retinopathy']
83,OCT05_OCTID/Central-serous-retinopathy-retinal-OCT-images/CSR22.jpeg,[],['central serous retinopathy']
84,OCT05_OCTID/Central-serous-retinopathy-retinal-OCT-images/CSR53.jpeg,[],['central serous retinopathy']
85,OCT05_OCTID/Central-serous-retinopathy-retinal-OCT-images/CSR54.jpeg,[],['central serous retinopathy']
86,OCT05_OCTID/Central-serous-retinopathy-retinal-OCT-images/CSR39.jpeg,[],['central serous retinopathy']
87,OCT05_OCTID/Central-serous-retinopathy-retinal-OCT-images/CSR13.jpeg,[],['central serous retinopathy']
88,OCT05_OCTID/Central-serous-retinopathy-retinal-OCT-images/CSR28.jpeg,[],['central serous retinopathy']
89,OCT05_OCTID/Central-serous-retinopathy-retinal-OCT-images/CSR31.jpeg,[],['central serous retinopathy']
90,OCT05_OCTID/Central-serous-retinopathy-retinal-OCT-images/CSR69.jpeg,[],['central serous retinopathy']
91,OCT05_OCTID/Central-serous-retinopathy-retinal-OCT-images/CSR70.jpeg,[],['central serous retinopathy']
92,OCT05_OCTID/Central-serous-retinopathy-retinal-OCT-images/CSR55.jpeg,[],['central serous retinopathy']
93,OCT05_OCTID/Central-serous-retinopathy-retinal-OCT-images/CSR77.jpeg,[],['central serous retinopathy']
94,OCT05_OCTID/Central-serous-retinopathy-retinal-OCT-images/CSR48.jpeg,[],['central serous retinopathy']
95,OCT05_OCTID/Central-serous-retinopathy-retinal-OCT-images/CSR33.jpeg,[],['central serous retinopathy']
96,OCT05_OCTID/Central-serous-retinopathy-retinal-OCT-images/CSR99.jpeg,[],['central serous retinopathy']
97,OCT05_OCTID/Central-serous-retinopathy-retinal-OCT-images/CSR18.jpeg,[],['central serous retinopathy']
98,OCT05_OCTID/Central-serous-retinopathy-retinal-OCT-images/CSR9.jpeg,[],['central serous retinopathy']
99,OCT05_OCTID/Central-serous-retinopathy-retinal-OCT-images/CSR75.jpeg,[],['central serous retinopathy']
100,OCT05_OCTID/Central-serous-retinopathy-retinal-OCT-images/CSR50.jpeg,[],['central serous retinopathy']
101,OCT05_OCTID/Central-serous-retinopathy-retinal-OCT-images/CSR59.jpeg,[],['central serous retinopathy']
102,OCT05_OCTID/Age-related-Macular-Degeneration-Retinal-OCT-images/AMRD35.jpeg,[],['age related macular degeneration']
103,OCT05_OCTID/Age-related-Macular-Degeneration-Retinal-OCT-images/AMRD18.jpeg,[],['age related macular degeneration']
104,OCT05_OCTID/Age-related-Macular-Degeneration-Retinal-OCT-images/AMRD34.jpeg,[],['age related macular degeneration']
105,OCT05_OCTID/Age-related-Macular-Degeneration-Retinal-OCT-images/AMRD16.jpeg,[],['age related macular degeneration']
106,OCT05_OCTID/Age-related-Macular-Degeneration-Retinal-OCT-images/AMRD30.jpeg,[],['age related macular degeneration']
107,OCT05_OCTID/Age-related-Macular-Degeneration-Retinal-OCT-images/AMRD5.jpeg,[],['age related macular degeneration']
108,OCT05_OCTID/Age-related-Macular-Degeneration-Retinal-OCT-images/AMRD28.jpeg,[],['age related macular degeneration']
109,OCT05_OCTID/Age-related-Macular-Degeneration-Retinal-OCT-images/AMRD51.jpeg,[],['age related macular degeneration']
110,OCT05_OCTID/Age-related-Macular-Degeneration-Retinal-OCT-images/AMRD21.jpeg,[],['age related macular degeneration']
111,OCT05_OCTID/Age-related-Macular-Degeneration-Retinal-OCT-images/AMRD12.jpeg,[],['age related macular degeneration']
112,OCT05_OCTID/Age-related-Macular-Degeneration-Retinal-OCT-images/AMRD1.jpeg,[],['age related macular degeneration']
113,OCT05_OCTID/Age-related-Macular-Degeneration-Retinal-OCT-images/AMRD20.jpeg,[],['age related macular degeneration']
114,OCT05_OCTID/Age-related-Macular-Degeneration-Retinal-OCT-images/AMRD24.jpeg,[],['age related macular degeneration']
115,OCT05_OCTID/Age-related-Macular-Degeneration-Retinal-OCT-images/AMRD50.jpeg,[],['age related macular degeneration']
116,OCT05_OCTID/Age-related-Macular-Degeneration-Retinal-OCT-images/AMRD29.jpeg,[],['age related macular degeneration']
117,OCT05_OCTID/Age-related-Macular-Degeneration-Retinal-OCT-images/AMRD40.jpeg,[],['age related macular degeneration']
118,OCT05_OCTID/Age-related-Macular-Degeneration-Retinal-OCT-images/AMRD47.jpeg,[],['age related macular degeneration']
119,OCT05_OCTID/Age-related-Macular-Degeneration-Retinal-OCT-images/AMRD6.jpeg,[],['age related macular degeneration']
120,OCT05_OCTID/Age-related-Macular-Degeneration-Retinal-OCT-images/AMRD11.jpeg,[],['age related macular degeneration']
121,OCT05_OCTID/Age-related-Macular-Degeneration-Retinal-OCT-images/AMRD32.jpeg,[],['age related macular degeneration']
122,OCT05_OCTID/Age-related-Macular-Degeneration-Retinal-OCT-images/AMRD43.jpeg,[],['age related macular degeneration']
123,OCT05_OCTID/Age-related-Macular-Degeneration-Retinal-OCT-images/AMRD23.jpeg,[],['age related macular degeneration']
124,OCT05_OCTID/Age-related-Macular-Degeneration-Retinal-OCT-images/AMRD15.jpeg,[],['age related macular degeneration']
125,OCT05_OCTID/Age-related-Macular-Degeneration-Retinal-OCT-images/AMRD55.jpeg,[],['age related macular degeneration']
126,OCT05_OCTID/Age-related-Macular-Degeneration-Retinal-OCT-images/AMRD3.jpeg,[],['age related macular degeneration']
127,OCT05_OCTID/Age-related-Macular-Degeneration-Retinal-OCT-images/AMRD8.jpeg,[],['age related macular degeneration']
128,OCT05_OCTID/Age-related-Macular-Degeneration-Retinal-OCT-images/AMRD42.jpeg,[],['age related macular degeneration']
129,OCT05_OCTID/Age-related-Macular-Degeneration-Retinal-OCT-images/AMRD46.jpeg,[],['age related macular degeneration']
130,OCT05_OCTID/Age-related-Macular-Degeneration-Retinal-OCT-images/AMRD2.jpeg,[],['age related macular degeneration']
131,OCT05_OCTID/Age-related-Macular-Degeneration-Retinal-OCT-images/AMRD45.jpeg,[],['age related macular degeneration']
132,OCT05_OCTID/Age-related-Macular-Degeneration-Retinal-OCT-images/AMRD33.jpeg,[],['age related macular degeneration']
133,OCT05_OCTID/Age-related-Macular-Degeneration-Retinal-OCT-images/AMRD54.jpeg,[],['age related macular degeneration']
134,OCT05_OCTID/Age-related-Macular-Degeneration-Retinal-OCT-images/AMRD41.jpeg,[],['age related macular degeneration']
135,OCT05_OCTID/Age-related-Macular-Degeneration-Retinal-OCT-images/AMRD14.jpeg,[],['age related macular degeneration']
136,OCT05_OCTID/Age-related-Macular-Degeneration-Retinal-OCT-images/AMRD13.jpeg,[],['age related macular degeneration']
137,OCT05_OCTID/Age-related-Macular-Degeneration-Retinal-OCT-images/AMRD53.jpeg,[],['age related macular degeneration']
138,OCT05_OCTID/Age-related-Macular-Degeneration-Retinal-OCT-images/AMRD26.jpeg,[],['age related macular degeneration']
139,OCT05_OCTID/Age-related-Macular-Degeneration-Retinal-OCT-images/AMRD31.jpeg,[],['age related macular degeneration']
140,OCT05_OCTID/Age-related-Macular-Degeneration-Retinal-OCT-images/AMRD17.jpeg,[],['age related macular degeneration']
141,OCT05_OCTID/Age-related-Macular-Degeneration-Retinal-OCT-images/AMRD49.jpeg,[],['age related macular degeneration']
142,OCT05_OCTID/Age-related-Macular-Degeneration-Retinal-OCT-images/AMRD9.jpeg,[],['age related macular degeneration']
143,OCT05_OCTID/Age-related-Macular-Degeneration-Retinal-OCT-images/AMRD25.jpeg,[],['age related macular degeneration']
144,OCT05_OCTID/Age-related-Macular-Degeneration-Retinal-OCT-images/AMRD48.jpeg,[],['age related macular degeneration']
145,OCT05_OCTID/Age-related-Macular-Degeneration-Retinal-OCT-images/AMRD7.jpeg,[],['age related macular degeneration']
146,OCT05_OCTID/Age-related-Macular-Degeneration-Retinal-OCT-images/AMRD22.jpeg,[],['age related macular degeneration']
147,OCT05_OCTID/Age-related-Macular-Degeneration-Retinal-OCT-images/AMRD36.jpeg,[],['age related macular degeneration']
148,OCT05_OCTID/Age-related-Macular-Degeneration-Retinal-OCT-images/AMRD44.jpeg,[],['age related macular degeneration']
149,OCT05_OCTID/Age-related-Macular-Degeneration-Retinal-OCT-images/AMRD4.jpeg,[],['age related macular degeneration']
150,OCT05_OCTID/Age-related-Macular-Degeneration-Retinal-OCT-images/AMRD19.jpeg,[],['age related macular degeneration']
151,OCT05_OCTID/Age-related-Macular-Degeneration-Retinal-OCT-images/AMRD37.jpeg,[],['age related macular degeneration']
152,OCT05_OCTID/Age-related-Macular-Degeneration-Retinal-OCT-images/AMRD52.jpeg,[],['age related macular degeneration']
153,OCT05_OCTID/Age-related-Macular-Degeneration-Retinal-OCT-images/AMRD38.jpeg,[],['age related macular degeneration']
154,OCT05_OCTID/Age-related-Macular-Degeneration-Retinal-OCT-images/AMRD39.jpeg,[],['age related macular degeneration']
155,OCT05_OCTID/Age-related-Macular-Degeneration-Retinal-OCT-images/AMRD27.jpeg,[],['age related macular degeneration']
156,OCT05_OCTID/Age-related-Macular-Degeneration-Retinal-OCT-images/AMRD10.jpeg,[],['age related macular degeneration']
157,OCT05_OCTID/Macular-Hole-Retinal-OCT-images/MH35.jpeg,[],['macular hole']
158,OCT05_OCTID/Macular-Hole-Retinal-OCT-images/MH29.jpeg,[],['macular hole']
159,OCT05_OCTID/Macular-Hole-Retinal-OCT-images/MH47.jpeg,[],['macular hole']
160,OCT05_OCTID/Macular-Hole-Retinal-OCT-images/MH31.jpeg,[],['macular hole']
161,OCT05_OCTID/Macular-Hole-Retinal-OCT-images/MH38.jpeg,[],['macular hole']
162,OCT05_OCTID/Macular-Hole-Retinal-OCT-images/MH15.jpeg,[],['macular hole']
163,OCT05_OCTID/Macular-Hole-Retinal-OCT-images/MH52.jpeg,[],['macular hole']
164,OCT05_OCTID/Macular-Hole-Retinal-OCT-images/MH70.jpeg,[],['macular hole']
165,OCT05_OCTID/Macular-Hole-Retinal-OCT-images/MH90.jpeg,[],['macular hole']
166,OCT05_OCTID/Macular-Hole-Retinal-OCT-images/MH40.jpeg,[],['macular hole']
167,OCT05_OCTID/Macular-Hole-Retinal-OCT-images/MH66.jpeg,[],['macular hole']
168,OCT05_OCTID/Macular-Hole-Retinal-OCT-images/MH83.jpeg,[],['macular hole']
169,OCT05_OCTID/Macular-Hole-Retinal-OCT-images/MH2.jpeg,[],['macular hole']
170,OCT05_OCTID/Macular-Hole-Retinal-OCT-images/MH17.jpeg,[],['macular hole']
171,OCT05_OCTID/Macular-Hole-Retinal-OCT-images/MH18.jpeg,[],['macular hole']
172,OCT05_OCTID/Macular-Hole-Retinal-OCT-images/MH57.jpeg,[],['macular hole']
173,OCT05_OCTID/Macular-Hole-Retinal-OCT-images/MH1.jpeg,[],['macular hole']
174,OCT05_OCTID/Macular-Hole-Retinal-OCT-images/MH51.jpeg,[],['macular hole']
175,OCT05_OCTID/Macular-Hole-Retinal-OCT-images/MH46.jpeg,[],['macular hole']
176,OCT05_OCTID/Macular-Hole-Retinal-OCT-images/MH59.jpeg,[],['macular hole']
177,OCT05_OCTID/Macular-Hole-Retinal-OCT-images/MH41.jpeg,[],['macular hole']
178,OCT05_OCTID/Macular-Hole-Retinal-OCT-images/MH37.jpeg,[],['macular hole']
179,OCT05_OCTID/Macular-Hole-Retinal-OCT-images/MH30.jpeg,[],['macular hole']
180,OCT05_OCTID/Macular-Hole-Retinal-OCT-images/MH28.jpeg,[],['macular hole']
181,OCT05_OCTID/Macular-Hole-Retinal-OCT-images/MH58.jpeg,[],['macular hole']
182,OCT05_OCTID/Macular-Hole-Retinal-OCT-images/MH74.jpeg,[],['macular hole']
183,OCT05_OCTID/Macular-Hole-Retinal-OCT-images/MH87.jpeg,[],['macular hole']
184,OCT05_OCTID/Macular-Hole-Retinal-OCT-images/MH27.jpeg,[],['macular hole']
185,OCT05_OCTID/Macular-Hole-Retinal-OCT-images/MH67.jpeg,[],['macular hole']
186,OCT05_OCTID/Macular-Hole-Retinal-OCT-images/MH100.jpeg,[],['macular hole']
187,OCT05_OCTID/Macular-Hole-Retinal-OCT-images/MH22.jpeg,[],['macular hole']
188,OCT05_OCTID/Macular-Hole-Retinal-OCT-images/MH75.jpeg,[],['macular hole']
189,OCT05_OCTID/Macular-Hole-Retinal-OCT-images/MH34.jpeg,[],['macular hole']
190,OCT05_OCTID/Macular-Hole-Retinal-OCT-images/MH86.jpeg,[],['macular hole']
191,OCT05_OCTID/Macular-Hole-Retinal-OCT-images/MH55.jpeg,[],['macular hole']
192,OCT05_OCTID/Macular-Hole-Retinal-OCT-images/MH53.jpeg,[],['macular hole']
193,OCT05_OCTID/Macular-Hole-Retinal-OCT-images/MH45.jpeg,[],['macular hole']
194,OCT05_OCTID/Macular-Hole-Retinal-OCT-images/MH36.jpeg,[],['macular hole']
195,OCT05_OCTID/Macular-Hole-Retinal-OCT-images/MH82.jpeg,[],['macular hole']
196,OCT05_OCTID/Macular-Hole-Retinal-OCT-images/MH101.jpeg,[],['macular hole']
197,OCT05_OCTID/Macular-Hole-Retinal-OCT-images/MH23.jpeg,[],['macular hole']
198,OCT05_OCTID/Macular-Hole-Retinal-OCT-images/MH92.jpeg,[],['macular hole']
199,OCT05_OCTID/Macular-Hole-Retinal-OCT-images/MH12.jpeg,[],['macular hole']
200,OCT05_OCTID/Macular-Hole-Retinal-OCT-images/MH62.jpeg,[],['macular hole']
201,OCT05_OCTID/Macular-Hole-Retinal-OCT-images/MH7.jpeg,[],['macular hole']
202,OCT05_OCTID/Macular-Hole-Retinal-OCT-images/MH11.jpeg,[],['macular hole']
203,OCT05_OCTID/Macular-Hole-Retinal-OCT-images/MH42.jpeg,[],['macular hole']
204,OCT05_OCTID/Macular-Hole-Retinal-OCT-images/MH85.jpeg,[],['macular hole']
205,OCT05_OCTID/Macular-Hole-Retinal-OCT-images/MH48.jpeg,[],['macular hole']
206,OCT05_OCTID/Macular-Hole-Retinal-OCT-images/MH78.jpeg,[],['macular hole']
207,OCT05_OCTID/Macular-Hole-Retinal-OCT-images/MH43.jpeg,[],['macular hole']
208,OCT05_OCTID/Macular-Hole-Retinal-OCT-images/MH96.jpeg,[],['macular hole']
209,OCT05_OCTID/Macular-Hole-Retinal-OCT-images/MH56.jpeg,[],['macular hole']
210,OCT05_OCTID/Macular-Hole-Retinal-OCT-images/MH25.jpeg,[],['macular hole']
211,OCT05_OCTID/Macular-Hole-Retinal-OCT-images/MH84.jpeg,[],['macular hole']
212,OCT05_OCTID/Macular-Hole-Retinal-OCT-images/MH80.jpeg,[],['macular hole']
213,OCT05_OCTID/Macular-Hole-Retinal-OCT-images/MH97.jpeg,[],['macular hole']
214,OCT05_OCTID/Macular-Hole-Retinal-OCT-images/MH71.jpeg,[],['macular hole']
215,OCT05_OCTID/Macular-Hole-Retinal-OCT-images/MH63.jpeg,[],['macular hole']
216,OCT05_OCTID/Macular-Hole-Retinal-OCT-images/MH33.jpeg,[],['macular hole']
217,OCT05_OCTID/Macular-Hole-Retinal-OCT-images/MH94.jpeg,[],['macular hole']
218,OCT05_OCTID/Macular-Hole-Retinal-OCT-images/MH77.jpeg,[],['macular hole']
219,OCT05_OCTID/Macular-Hole-Retinal-OCT-images/MH3.jpeg,[],['macular hole']
220,OCT05_OCTID/Macular-Hole-Retinal-OCT-images/MH14.jpeg,[],['macular hole']
221,OCT05_OCTID/Macular-Hole-Retinal-OCT-images/MH69.jpeg,[],['macular hole']
222,OCT05_OCTID/Macular-Hole-Retinal-OCT-images/MH102.jpeg,[],['macular hole']
223,OCT05_OCTID/Macular-Hole-Retinal-OCT-images/MH24.jpeg,[],['macular hole']
224,OCT05_OCTID/Macular-Hole-Retinal-OCT-images/MH9.jpeg,[],['macular hole']
225,OCT05_OCTID/Macular-Hole-Retinal-OCT-images/MH5.jpeg,[],['macular hole']
226,OCT05_OCTID/Macular-Hole-Retinal-OCT-images/MH95.jpeg,[],['macular hole']
227,OCT05_OCTID/Macular-Hole-Retinal-OCT-images/MH76.jpeg,[],['macular hole']
228,OCT05_OCTID/Macular-Hole-Retinal-OCT-images/MH49.jpeg,[],['macular hole']
229,OCT05_OCTID/Macular-Hole-Retinal-OCT-images/MH73.jpeg,[],['macular hole']
230,OCT05_OCTID/Macular-Hole-Retinal-OCT-images/MH21.jpeg,[],['macular hole']
231,OCT05_OCTID/Macular-Hole-Retinal-OCT-images/MH81.jpeg,[],['macular hole']
232,OCT05_OCTID/Macular-Hole-Retinal-OCT-images/MH65.jpeg,[],['macular hole']
233,OCT05_OCTID/Macular-Hole-Retinal-OCT-images/MH61.jpeg,[],['macular hole']
234,OCT05_OCTID/Macular-Hole-Retinal-OCT-images/MH50.jpeg,[],['macular hole']
235,OCT05_OCTID/Macular-Hole-Retinal-OCT-images/MH72.jpeg,[],['macular hole']
236,OCT05_OCTID/Macular-Hole-Retinal-OCT-images/MH8.jpeg,[],['macular hole']
237,OCT05_OCTID/Macular-Hole-Retinal-OCT-images/MH64.jpeg,[],['macular hole']
238,OCT05_OCTID/Macular-Hole-Retinal-OCT-images/MH44.jpeg,[],['macular hole']
239,OCT05_OCTID/Macular-Hole-Retinal-OCT-images/MH6.jpeg,[],['macular hole']
240,OCT05_OCTID/Macular-Hole-Retinal-OCT-images/MH68.jpeg,[],['macular hole']
241,OCT05_OCTID/Macular-Hole-Retinal-OCT-images/MH54.jpeg,[],['macular hole']
242,OCT05_OCTID/Macular-Hole-Retinal-OCT-images/MH60.jpeg,[],['macular hole']
243,OCT05_OCTID/Macular-Hole-Retinal-OCT-images/MH16.jpeg,[],['macular hole']
244,OCT05_OCTID/Macular-Hole-Retinal-OCT-images/MH13.jpeg,[],['macular hole']
245,OCT05_OCTID/Macular-Hole-Retinal-OCT-images/MH4.jpeg,[],['macular hole']
246,OCT05_OCTID/Macular-Hole-Retinal-OCT-images/MH98.jpeg,[],['macular hole']
247,OCT05_OCTID/Macular-Hole-Retinal-OCT-images/MH88.jpeg,[],['macular hole']
248,OCT05_OCTID/Macular-Hole-Retinal-OCT-images/MH99.jpeg,[],['macular hole']
249,OCT05_OCTID/Macular-Hole-Retinal-OCT-images/MH19.jpeg,[],['macular hole']
250,OCT05_OCTID/Macular-Hole-Retinal-OCT-images/MH32.jpeg,[],['macular hole']
251,OCT05_OCTID/Macular-Hole-Retinal-OCT-images/MH79.jpeg,[],['macular hole']
252,OCT05_OCTID/Macular-Hole-Retinal-OCT-images/MH39.jpeg,[],['macular hole']
253,OCT05_OCTID/Macular-Hole-Retinal-OCT-images/MH93.jpeg,[],['macular hole']
254,OCT05_OCTID/Macular-Hole-Retinal-OCT-images/MH89.jpeg,[],['macular hole']
255,OCT05_OCTID/Macular-Hole-Retinal-OCT-images/MH20.jpeg,[],['macular hole']
256,OCT05_OCTID/Macular-Hole-Retinal-OCT-images/MH26.jpeg,[],['macular hole']
257,OCT05_OCTID/Macular-Hole-Retinal-OCT-images/MH10.jpeg,[],['macular hole']
258,OCT05_OCTID/Macular-Hole-Retinal-OCT-images/MH91.jpeg,[],['macular hole']
259,OCT05_OCTID/Diabetic-Retinopathy-Retinal-OCT-Images/DR71.jpeg,[],['diabetic retinopathy']
260,OCT05_OCTID/Diabetic-Retinopathy-Retinal-OCT-Images/DR40.jpeg,[],['diabetic retinopathy']
261,OCT05_OCTID/Diabetic-Retinopathy-Retinal-OCT-Images/DR46.jpeg,[],['diabetic retinopathy']
262,OCT05_OCTID/Diabetic-Retinopathy-Retinal-OCT-Images/DR78.jpeg,[],['diabetic retinopathy']
263,OCT05_OCTID/Diabetic-Retinopathy-Retinal-OCT-Images/DR39.jpeg,[],['diabetic retinopathy']
264,OCT05_OCTID/Diabetic-Retinopathy-Retinal-OCT-Images/DR77.jpeg,[],['diabetic retinopathy']
265,OCT05_OCTID/Diabetic-Retinopathy-Retinal-OCT-Images/DR104.jpeg,[],['diabetic retinopathy']
266,OCT05_OCTID/Diabetic-Retinopathy-Retinal-OCT-Images/DR68.jpeg,[],['diabetic retinopathy']
267,OCT05_OCTID/Diabetic-Retinopathy-Retinal-OCT-Images/DR4.jpeg,[],['diabetic retinopathy']
268,OCT05_OCTID/Diabetic-Retinopathy-Retinal-OCT-Images/DR82.jpeg,[],['diabetic retinopathy']
269,OCT05_OCTID/Diabetic-Retinopathy-Retinal-OCT-Images/DR91.jpeg,[],['diabetic retinopathy']
270,OCT05_OCTID/Diabetic-Retinopathy-Retinal-OCT-Images/DR83.jpeg,[],['diabetic retinopathy']
271,OCT05_OCTID/Diabetic-Retinopathy-Retinal-OCT-Images/DR27.jpeg,[],['diabetic retinopathy']
272,OCT05_OCTID/Diabetic-Retinopathy-Retinal-OCT-Images/DR100.jpeg,[],['diabetic retinopathy']
273,OCT05_OCTID/Diabetic-Retinopathy-Retinal-OCT-Images/DR59.jpeg,[],['diabetic retinopathy']
274,OCT05_OCTID/Diabetic-Retinopathy-Retinal-OCT-Images/DR8.jpeg,[],['diabetic retinopathy']
275,OCT05_OCTID/Diabetic-Retinopathy-Retinal-OCT-Images/DR17.jpeg,[],['diabetic retinopathy']
276,OCT05_OCTID/Diabetic-Retinopathy-Retinal-OCT-Images/DR73.jpeg,[],['diabetic retinopathy']
277,OCT05_OCTID/Diabetic-Retinopathy-Retinal-OCT-Images/DR76.jpeg,[],['diabetic retinopathy']
278,OCT05_OCTID/Diabetic-Retinopathy-Retinal-OCT-Images/DR43.jpeg,[],['diabetic retinopathy']
279,OCT05_OCTID/Diabetic-Retinopathy-Retinal-OCT-Images/DR57.jpeg,[],['diabetic retinopathy']
280,OCT05_OCTID/Diabetic-Retinopathy-Retinal-OCT-Images/DR106.jpeg,[],['diabetic retinopathy']
281,OCT05_OCTID/Diabetic-Retinopathy-Retinal-OCT-Images/DR3.jpeg,[],['diabetic retinopathy']
282,OCT05_OCTID/Diabetic-Retinopathy-Retinal-OCT-Images/DR80.jpeg,[],['diabetic retinopathy']
283,OCT05_OCTID/Diabetic-Retinopathy-Retinal-OCT-Images/DR84.jpeg,[],['diabetic retinopathy']
284,OCT05_OCTID/Diabetic-Retinopathy-Retinal-OCT-Images/DR26.jpeg,[],['diabetic retinopathy']
285,OCT05_OCTID/Diabetic-Retinopathy-Retinal-OCT-Images/DR58.jpeg,[],['diabetic retinopathy']
286,OCT05_OCTID/Diabetic-Retinopathy-Retinal-OCT-Images/DR74.jpeg,[],['diabetic retinopathy']
287,OCT05_OCTID/Diabetic-Retinopathy-Retinal-OCT-Images/DR45.jpeg,[],['diabetic retinopathy']
288,OCT05_OCTID/Diabetic-Retinopathy-Retinal-OCT-Images/DR97.jpeg,[],['diabetic retinopathy']
289,OCT05_OCTID/Diabetic-Retinopathy-Retinal-OCT-Images/DR22.jpeg,[],['diabetic retinopathy']
290,OCT05_OCTID/Diabetic-Retinopathy-Retinal-OCT-Images/DR11.jpeg,[],['diabetic retinopathy']
291,OCT05_OCTID/Diabetic-Retinopathy-Retinal-OCT-Images/DR48.jpeg,[],['diabetic retinopathy']
292,OCT05_OCTID/Diabetic-Retinopathy-Retinal-OCT-Images/DR51.jpeg,[],['diabetic retinopathy']
293,OCT05_OCTID/Diabetic-Retinopathy-Retinal-OCT-Images/DR10.jpeg,[],['diabetic retinopathy']
294,OCT05_OCTID/Diabetic-Retinopathy-Retinal-OCT-Images/DR14.jpeg,[],['diabetic retinopathy']
295,OCT05_OCTID/Diabetic-Retinopathy-Retinal-OCT-Images/DR18.jpeg,[],['diabetic retinopathy']
296,OCT05_OCTID/Diabetic-Retinopathy-Retinal-OCT-Images/DR105.jpeg,[],['diabetic retinopathy']
297,OCT05_OCTID/Diabetic-Retinopathy-Retinal-OCT-Images/DR36.jpeg,[],['diabetic retinopathy']
298,OCT05_OCTID/Diabetic-Retinopathy-Retinal-OCT-Images/DR28.jpeg,[],['diabetic retinopathy']
299,OCT05_OCTID/Diabetic-Retinopathy-Retinal-OCT-Images/DR15.jpeg,[],['diabetic retinopathy']
300,OCT05_OCTID/Diabetic-Retinopathy-Retinal-OCT-Images/DR94.jpeg,[],['diabetic retinopathy']
301,OCT05_OCTID/Diabetic-Retinopathy-Retinal-OCT-Images/DR98.jpeg,[],['diabetic retinopathy']
302,OCT05_OCTID/Diabetic-Retinopathy-Retinal-OCT-Images/DR21.jpeg,[],['diabetic retinopathy']
303,OCT05_OCTID/Diabetic-Retinopathy-Retinal-OCT-Images/DR29.jpeg,[],['diabetic retinopathy']
304,OCT05_OCTID/Diabetic-Retinopathy-Retinal-OCT-Images/DR16.jpeg,[],['diabetic retinopathy']
305,OCT05_OCTID/Diabetic-Retinopathy-Retinal-OCT-Images/DR72.jpeg,[],['diabetic retinopathy']
306,OCT05_OCTID/Diabetic-Retinopathy-Retinal-OCT-Images/DR92.jpeg,[],['diabetic retinopathy']
307,OCT05_OCTID/Diabetic-Retinopathy-Retinal-OCT-Images/DR1.jpeg,[],['diabetic retinopathy']
308,OCT05_OCTID/Diabetic-Retinopathy-Retinal-OCT-Images/DR6.jpeg,[],['diabetic retinopathy']
309,OCT05_OCTID/Diabetic-Retinopathy-Retinal-OCT-Images/DR102.jpeg,[],['diabetic retinopathy']
310,OCT05_OCTID/Diabetic-Retinopathy-Retinal-OCT-Images/DR54.jpeg,[],['diabetic retinopathy']
311,OCT05_OCTID/Diabetic-Retinopathy-Retinal-OCT-Images/DR32.jpeg,[],['diabetic retinopathy']
312,OCT05_OCTID/Diabetic-Retinopathy-Retinal-OCT-Images/DR30.jpeg,[],['diabetic retinopathy']
313,OCT05_OCTID/Diabetic-Retinopathy-Retinal-OCT-Images/DR69.jpeg,[],['diabetic retinopathy']
314,OCT05_OCTID/Diabetic-Retinopathy-Retinal-OCT-Images/DR34.jpeg,[],['diabetic retinopathy']
315,OCT05_OCTID/Diabetic-Retinopathy-Retinal-OCT-Images/DR7.jpeg,[],['diabetic retinopathy']
316,OCT05_OCTID/Diabetic-Retinopathy-Retinal-OCT-Images/DR67.jpeg,[],['diabetic retinopathy']
317,OCT05_OCTID/Diabetic-Retinopathy-Retinal-OCT-Images/DR9.jpeg,[],['diabetic retinopathy']
318,OCT05_OCTID/Diabetic-Retinopathy-Retinal-OCT-Images/DR25.jpeg,[],['diabetic retinopathy']
319,OCT05_OCTID/Diabetic-Retinopathy-Retinal-OCT-Images/DR35.jpeg,[],['diabetic retinopathy']
320,OCT05_OCTID/Diabetic-Retinopathy-Retinal-OCT-Images/DR47.jpeg,[],['diabetic retinopathy']
321,OCT05_OCTID/Diabetic-Retinopathy-Retinal-OCT-Images/DR62.jpeg,[],['diabetic retinopathy']
322,OCT05_OCTID/Diabetic-Retinopathy-Retinal-OCT-Images/DR75.jpeg,[],['diabetic retinopathy']
323,OCT05_OCTID/Diabetic-Retinopathy-Retinal-OCT-Images/DR44.jpeg,[],['diabetic retinopathy']
324,OCT05_OCTID/Diabetic-Retinopathy-Retinal-OCT-Images/DR60.jpeg,[],['diabetic retinopathy']
325,OCT05_OCTID/Diabetic-Retinopathy-Retinal-OCT-Images/DR96.jpeg,[],['diabetic retinopathy']
326,OCT05_OCTID/Diabetic-Retinopathy-Retinal-OCT-Images/DR38.jpeg,[],['diabetic retinopathy']
327,OCT05_OCTID/Diabetic-Retinopathy-Retinal-OCT-Images/DR79.jpeg,[],['diabetic retinopathy']
328,OCT05_OCTID/Diabetic-Retinopathy-Retinal-OCT-Images/DR81.jpeg,[],['diabetic retinopathy']
329,OCT05_OCTID/Diabetic-Retinopathy-Retinal-OCT-Images/DR12.jpeg,[],['diabetic retinopathy']
330,OCT05_OCTID/Diabetic-Retinopathy-Retinal-OCT-Images/DR99.jpeg,[],['diabetic retinopathy']
331,OCT05_OCTID/Diabetic-Retinopathy-Retinal-OCT-Images/DR86.jpeg,[],['diabetic retinopathy']
332,OCT05_OCTID/Diabetic-Retinopathy-Retinal-OCT-Images/DR66.jpeg,[],['diabetic retinopathy']
333,OCT05_OCTID/Diabetic-Retinopathy-Retinal-OCT-Images/DR33.jpeg,[],['diabetic retinopathy']
334,OCT05_OCTID/Diabetic-Retinopathy-Retinal-OCT-Images/DR53.jpeg,[],['diabetic retinopathy']
335,OCT05_OCTID/Diabetic-Retinopathy-Retinal-OCT-Images/DR50.jpeg,[],['diabetic retinopathy']
336,OCT05_OCTID/Diabetic-Retinopathy-Retinal-OCT-Images/DR70.jpeg,[],['diabetic retinopathy']
337,OCT05_OCTID/Diabetic-Retinopathy-Retinal-OCT-Images/DR55.jpeg,[],['diabetic retinopathy']
338,OCT05_OCTID/Diabetic-Retinopathy-Retinal-OCT-Images/DR89.jpeg,[],['diabetic retinopathy']
339,OCT05_OCTID/Diabetic-Retinopathy-Retinal-OCT-Images/DR37.jpeg,[],['diabetic retinopathy']
340,OCT05_OCTID/Diabetic-Retinopathy-Retinal-OCT-Images/DR107.jpeg,[],['diabetic retinopathy']
341,OCT05_OCTID/Diabetic-Retinopathy-Retinal-OCT-Images/DR103.jpeg,[],['diabetic retinopathy']
342,OCT05_OCTID/Diabetic-Retinopathy-Retinal-OCT-Images/DR13.jpeg,[],['diabetic retinopathy']
343,OCT05_OCTID/Diabetic-Retinopathy-Retinal-OCT-Images/DR23.jpeg,[],['diabetic retinopathy']
344,OCT05_OCTID/Diabetic-Retinopathy-Retinal-OCT-Images/DR5.jpeg,[],['diabetic retinopathy']
345,OCT05_OCTID/Diabetic-Retinopathy-Retinal-OCT-Images/DR85.jpeg,[],['diabetic retinopathy']
346,OCT05_OCTID/Diabetic-Retinopathy-Retinal-OCT-Images/DR93.jpeg,[],['diabetic retinopathy']
347,OCT05_OCTID/Diabetic-Retinopathy-Retinal-OCT-Images/DR87.jpeg,[],['diabetic retinopathy']
348,OCT05_OCTID/Diabetic-Retinopathy-Retinal-OCT-Images/DR61.jpeg,[],['diabetic retinopathy']
349,OCT05_OCTID/Diabetic-Retinopathy-Retinal-OCT-Images/DR88.jpeg,[],['diabetic retinopathy']
350,OCT05_OCTID/Diabetic-Retinopathy-Retinal-OCT-Images/DR90.jpeg,[],['diabetic retinopathy']
351,OCT05_OCTID/Diabetic-Retinopathy-Retinal-OCT-Images/DR49.jpeg,[],['diabetic retinopathy']
352,OCT05_OCTID/Diabetic-Retinopathy-Retinal-OCT-Images/DR52.jpeg,[],['diabetic retinopathy']
353,OCT05_OCTID/Diabetic-Retinopathy-Retinal-OCT-Images/DR19.jpeg,[],['diabetic retinopathy']
354,OCT05_OCTID/Diabetic-Retinopathy-Retinal-OCT-Images/DR2.jpeg,[],['diabetic retinopathy']
355,OCT05_OCTID/Diabetic-Retinopathy-Retinal-OCT-Images/DR20.jpeg,[],['diabetic retinopathy']
356,OCT05_OCTID/Diabetic-Retinopathy-Retinal-OCT-Images/DR24.jpeg,[],['diabetic retinopathy']
357,OCT05_OCTID/Diabetic-Retinopathy-Retinal-OCT-Images/DR101.jpeg,[],['diabetic retinopathy']
358,OCT05_OCTID/Diabetic-Retinopathy-Retinal-OCT-Images/DR64.jpeg,[],['diabetic retinopathy']
359,OCT05_OCTID/Diabetic-Retinopathy-Retinal-OCT-Images/DR56.jpeg,[],['diabetic retinopathy']
360,OCT05_OCTID/Diabetic-Retinopathy-Retinal-OCT-Images/DR31.jpeg,[],['diabetic retinopathy']
361,OCT05_OCTID/Diabetic-Retinopathy-Retinal-OCT-Images/DR41.jpeg,[],['diabetic retinopathy']
362,OCT05_OCTID/Diabetic-Retinopathy-Retinal-OCT-Images/DR95.jpeg,[],['diabetic retinopathy']
363,OCT05_OCTID/Diabetic-Retinopathy-Retinal-OCT-Images/DR63.jpeg,[],['diabetic retinopathy']
364,OCT05_OCTID/Diabetic-Retinopathy-Retinal-OCT-Images/DR65.jpeg,[],['diabetic retinopathy']
365,OCT05_OCTID/Diabetic-Retinopathy-Retinal-OCT-Images/DR42.jpeg,[],['diabetic retinopathy']
366,OCT05_OCTID/Normal-Retinal-OCT-images/NORMAL61.jpeg,[],['normal']
367,OCT05_OCTID/Normal-Retinal-OCT-images/NORMAL140.jpeg,[],['normal']
368,OCT05_OCTID/Normal-Retinal-OCT-images/NORMAL161.jpeg,[],['normal']
369,OCT05_OCTID/Normal-Retinal-OCT-images/NORMAL37.jpeg,[],['normal']
370,OCT05_OCTID/Normal-Retinal-OCT-images/NORMAL159.jpeg,[],['normal']
371,OCT05_OCTID/Normal-Retinal-OCT-images/NORMAL49.jpeg,[],['normal']
372,OCT05_OCTID/Normal-Retinal-OCT-images/NORMAL74.jpeg,[],['normal']
373,OCT05_OCTID/Normal-Retinal-OCT-images/NORMAL101.jpeg,[],['normal']
374,OCT05_OCTID/Normal-Retinal-OCT-images/NORMAL199.jpeg,[],['normal']
375,OCT05_OCTID/Normal-Retinal-OCT-images/NORMAL117.jpeg,[],['normal']
376,OCT05_OCTID/Normal-Retinal-OCT-images/NORMAL184.jpeg,[],['normal']
377,OCT05_OCTID/Normal-Retinal-OCT-images/NORMAL127.jpeg,[],['normal']
378,OCT05_OCTID/Normal-Retinal-OCT-images/NORMAL144.jpeg,[],['normal']
379,OCT05_OCTID/Normal-Retinal-OCT-images/NORMAL6.jpeg,[],['normal']
380,OCT05_OCTID/Normal-Retinal-OCT-images/NORMAL53.jpeg,[],['normal']
381,OCT05_OCTID/Normal-Retinal-OCT-images/NORMAL177.jpeg,[],['normal']
382,OCT05_OCTID/Normal-Retinal-OCT-images/NORMAL15.jpeg,[],['normal']
383,OCT05_OCTID/Normal-Retinal-OCT-images/NORMAL63.jpeg,[],['normal']
384,OCT05_OCTID/Normal-Retinal-OCT-images/NORMAL85.jpeg,[],['normal']
385,OCT05_OCTID/Normal-Retinal-OCT-images/NORMAL60.jpeg,[],['normal']
386,OCT05_OCTID/Normal-Retinal-OCT-images/NORMAL114.jpeg,[],['normal']
387,OCT05_OCTID/Normal-Retinal-OCT-images/NORMAL77.jpeg,[],['normal']
388,OCT05_OCTID/Normal-Retinal-OCT-images/NORMAL99.jpeg,[],['normal']
389,OCT05_OCTID/Normal-Retinal-OCT-images/NORMAL204.jpeg,[],['normal']
390,OCT05_OCTID/Normal-Retinal-OCT-images/NORMAL28.jpeg,[],['normal']
391,OCT05_OCTID/Normal-Retinal-OCT-images/NORMAL160.jpeg,[],['normal']
392,OCT05_OCTID/Normal-Retinal-OCT-images/NORMAL118.jpeg,[],['normal']
393,OCT05_OCTID/Normal-Retinal-OCT-images/NORMAL46.jpeg,[],['normal']
394,OCT05_OCTID/Normal-Retinal-OCT-images/NORMAL98.jpeg,[],['normal']
395,OCT05_OCTID/Normal-Retinal-OCT-images/NORMAL183.jpeg,[],['normal']
396,OCT05_OCTID/Normal-Retinal-OCT-images/NORMAL58.jpeg,[],['normal']
397,OCT05_OCTID/Normal-Retinal-OCT-images/NORMAL72.jpeg,[],['normal']
398,OCT05_OCTID/Normal-Retinal-OCT-images/NORMAL40.jpeg,[],['normal']
399,OCT05_OCTID/Normal-Retinal-OCT-images/NORMAL163.jpeg,[],['normal']
400,OCT05_OCTID/Normal-Retinal-OCT-images/NORMAL181.jpeg,[],['normal']
401,OCT05_OCTID/Normal-Retinal-OCT-images/NORMAL104.jpeg,[],['normal']
402,OCT05_OCTID/Normal-Retinal-OCT-images/NORMAL78.jpeg,[],['normal']
403,OCT05_OCTID/Normal-Retinal-OCT-images/NORMAL8.jpeg,[],['normal']
404,OCT05_OCTID/Normal-Retinal-OCT-images/NORMAL48.jpeg,[],['normal']
405,OCT05_OCTID/Normal-Retinal-OCT-images/NORMAL176.jpeg,[],['normal']
406,OCT05_OCTID/Normal-Retinal-OCT-images/NORMAL174.jpeg,[],['normal']
407,OCT05_OCTID/Normal-Retinal-OCT-images/NORMAL47.jpeg,[],['normal']
408,OCT05_OCTID/Normal-Retinal-OCT-images/NORMAL123.jpeg,[],['normal']
409,OCT05_OCTID/Normal-Retinal-OCT-images/NORMAL191.jpeg,[],['normal']
410,OCT05_OCTID/Normal-Retinal-OCT-images/NORMAL29.jpeg,[],['normal']
411,OCT05_OCTID/Normal-Retinal-OCT-images/NORMAL185.jpeg,[],['normal']
412,OCT05_OCTID/Normal-Retinal-OCT-images/NORMAL201.jpeg,[],['normal']
413,OCT05_OCTID/Normal-Retinal-OCT-images/NORMAL150.jpeg,[],['normal']
414,OCT05_OCTID/Normal-Retinal-OCT-images/NORMAL135.jpeg,[],['normal']
415,OCT05_OCTID/Normal-Retinal-OCT-images/NORMAL89.jpeg,[],['normal']
416,OCT05_OCTID/Normal-Retinal-OCT-images/NORMAL86.jpeg,[],['normal']
417,OCT05_OCTID/Normal-Retinal-OCT-images/NORMAL100.jpeg,[],['normal']
418,OCT05_OCTID/Normal-Retinal-OCT-images/NORMAL168.jpeg,[],['normal']
419,OCT05_OCTID/Normal-Retinal-OCT-images/NORMAL133.jpeg,[],['normal']
420,OCT05_OCTID/Normal-Retinal-OCT-images/NORMAL39.jpeg,[],['normal']
421,OCT05_OCTID/Normal-Retinal-OCT-images/NORMAL106.jpeg,[],['normal']
422,OCT05_OCTID/Normal-Retinal-OCT-images/NORMAL156.jpeg,[],['normal']
423,OCT05_OCTID/Normal-Retinal-OCT-images/NORMAL59.jpeg,[],['normal']
424,OCT05_OCTID/Normal-Retinal-OCT-images/NORMAL41.jpeg,[],['normal']
425,OCT05_OCTID/Normal-Retinal-OCT-images/NORMAL195.jpeg,[],['normal']
426,OCT05_OCTID/Normal-Retinal-OCT-images/NORMAL24.jpeg,[],['normal']
427,OCT05_OCTID/Normal-Retinal-OCT-images/NORMAL171.jpeg,[],['normal']
428,OCT05_OCTID/Normal-Retinal-OCT-images/NORMAL54.jpeg,[],['normal']
429,OCT05_OCTID/Normal-Retinal-OCT-images/NORMAL23.jpeg,[],['normal']
430,OCT05_OCTID/Normal-Retinal-OCT-images/NORMAL76.jpeg,[],['normal']
431,OCT05_OCTID/Normal-Retinal-OCT-images/NORMAL5.jpeg,[],['normal']
432,OCT05_OCTID/Normal-Retinal-OCT-images/NORMAL155.jpeg,[],['normal']
433,OCT05_OCTID/Normal-Retinal-OCT-images/NORMAL205.jpeg,[],['normal']
434,OCT05_OCTID/Normal-Retinal-OCT-images/NORMAL67.jpeg,[],['normal']
435,OCT05_OCTID/Normal-Retinal-OCT-images/NORMAL190.jpeg,[],['normal']
436,OCT05_OCTID/Normal-Retinal-OCT-images/NORMAL13.jpeg,[],['normal']
437,OCT05_OCTID/Normal-Retinal-OCT-images/NORMAL45.jpeg,[],['normal']
438,OCT05_OCTID/Normal-Retinal-OCT-images/NORMAL66.jpeg,[],['normal']
439,OCT05_OCTID/Normal-Retinal-OCT-images/NORMAL9.jpeg,[],['normal']
440,OCT05_OCTID/Normal-Retinal-OCT-images/NORMAL131.jpeg,[],['normal']
441,OCT05_OCTID/Normal-Retinal-OCT-images/NORMAL141.jpeg,[],['normal']
442,OCT05_OCTID/Normal-Retinal-OCT-images/NORMAL109.jpeg,[],['normal']
443,OCT05_OCTID/Normal-Retinal-OCT-images/NORMAL126.jpeg,[],['normal']
444,OCT05_OCTID/Normal-Retinal-OCT-images/NORMAL151.jpeg,[],['normal']
445,OCT05_OCTID/Normal-Retinal-OCT-images/NORMAL70.jpeg,[],['normal']
446,OCT05_OCTID/Normal-Retinal-OCT-images/NORMAL65.jpeg,[],['normal']
447,OCT05_OCTID/Normal-Retinal-OCT-images/NORMAL62.jpeg,[],['normal']
448,OCT05_OCTID/Normal-Retinal-OCT-images/NORMAL188.jpeg,[],['normal']
449,OCT05_OCTID/Normal-Retinal-OCT-images/NORMAL21.jpeg,[],['normal']
450,OCT05_OCTID/Normal-Retinal-OCT-images/NORMAL165.jpeg,[],['normal']
451,OCT05_OCTID/Normal-Retinal-OCT-images/NORMAL197.jpeg,[],['normal']
452,OCT05_OCTID/Normal-Retinal-OCT-images/NORMAL148.jpeg,[],['normal']
453,OCT05_OCTID/Normal-Retinal-OCT-images/NORMAL71.jpeg,[],['normal']
454,OCT05_OCTID/Normal-Retinal-OCT-images/NORMAL31.jpeg,[],['normal']
455,OCT05_OCTID/Normal-Retinal-OCT-images/NORMAL32.jpeg,[],['normal']
456,OCT05_OCTID/Normal-Retinal-OCT-images/NORMAL180.jpeg,[],['normal']
457,OCT05_OCTID/Normal-Retinal-OCT-images/NORMAL122.jpeg,[],['normal']
458,OCT05_OCTID/Normal-Retinal-OCT-images/NORMAL116.jpeg,[],['normal']
459,OCT05_OCTID/Normal-Retinal-OCT-images/NORMAL143.jpeg,[],['normal']
460,OCT05_OCTID/Normal-Retinal-OCT-images/NORMAL152.jpeg,[],['normal']
461,OCT05_OCTID/Normal-Retinal-OCT-images/NORMAL64.jpeg,[],['normal']
462,OCT05_OCTID/Normal-Retinal-OCT-images/NORMAL173.jpeg,[],['normal']
463,OCT05_OCTID/Normal-Retinal-OCT-images/NORMAL14.jpeg,[],['normal']
464,OCT05_OCTID/Normal-Retinal-OCT-images/NORMAL11.jpeg,[],['normal']
465,OCT05_OCTID/Normal-Retinal-OCT-images/NORMAL136.jpeg,[],['normal']
466,OCT05_OCTID/Normal-Retinal-OCT-images/NORMAL20.jpeg,[],['normal']
467,OCT05_OCTID/Normal-Retinal-OCT-images/NORMAL17.jpeg,[],['normal']
468,OCT05_OCTID/Normal-Retinal-OCT-images/NORMAL169.jpeg,[],['normal']
469,OCT05_OCTID/Normal-Retinal-OCT-images/NORMAL130.jpeg,[],['normal']
470,OCT05_OCTID/Normal-Retinal-OCT-images/NORMAL179.jpeg,[],['normal']
471,OCT05_OCTID/Normal-Retinal-OCT-images/NORMAL145.jpeg,[],['normal']
472,OCT05_OCTID/Normal-Retinal-OCT-images/NORMAL38.jpeg,[],['normal']
473,OCT05_OCTID/Normal-Retinal-OCT-images/NORMAL22.jpeg,[],['normal']
474,OCT05_OCTID/Normal-Retinal-OCT-images/NORMAL56.jpeg,[],['normal']
475,OCT05_OCTID/Normal-Retinal-OCT-images/NORMAL192.jpeg,[],['normal']
476,OCT05_OCTID/Normal-Retinal-OCT-images/NORMAL146.jpeg,[],['normal']
477,OCT05_OCTID/Normal-Retinal-OCT-images/NORMAL124.jpeg,[],['normal']
478,OCT05_OCTID/Normal-Retinal-OCT-images/NORMAL105.jpeg,[],['normal']
479,OCT05_OCTID/Normal-Retinal-OCT-images/NORMAL115.jpeg,[],['normal']
480,OCT05_OCTID/Normal-Retinal-OCT-images/NORMAL194.jpeg,[],['normal']
481,OCT05_OCTID/Normal-Retinal-OCT-images/NORMAL189.jpeg,[],['normal']
482,OCT05_OCTID/Normal-Retinal-OCT-images/NORMAL112.jpeg,[],['normal']
483,OCT05_OCTID/Normal-Retinal-OCT-images/NORMAL200.jpeg,[],['normal']
484,OCT05_OCTID/Normal-Retinal-OCT-images/NORMAL167.jpeg,[],['normal']
485,OCT05_OCTID/Normal-Retinal-OCT-images/NORMAL103.jpeg,[],['normal']
486,OCT05_OCTID/Normal-Retinal-OCT-images/NORMAL88.jpeg,[],['normal']
487,OCT05_OCTID/Normal-Retinal-OCT-images/NORMAL1.jpeg,[],['normal']
488,OCT05_OCTID/Normal-Retinal-OCT-images/NORMAL182.jpeg,[],['normal']
489,OCT05_OCTID/Normal-Retinal-OCT-images/NORMAL10.jpeg,[],['normal']
490,OCT05_OCTID/Normal-Retinal-OCT-images/NORMAL7.jpeg,[],['normal']
491,OCT05_OCTID/Normal-Retinal-OCT-images/NORMAL79.jpeg,[],['normal']
492,OCT05_OCTID/Normal-Retinal-OCT-images/NORMAL57.jpeg,[],['normal']
493,OCT05_OCTID/Normal-Retinal-OCT-images/NORMAL206.jpeg,[],['normal']
494,OCT05_OCTID/Normal-Retinal-OCT-images/NORMAL170.jpeg,[],['normal']
495,OCT05_OCTID/Normal-Retinal-OCT-images/NORMAL203.jpeg,[],['normal']
496,OCT05_OCTID/Normal-Retinal-OCT-images/NORMAL175.jpeg,[],['normal']
497,OCT05_OCTID/Normal-Retinal-OCT-images/NORMAL92.jpeg,[],['normal']
498,OCT05_OCTID/Normal-Retinal-OCT-images/NORMAL138.jpeg,[],['normal']
499,OCT05_OCTID/Normal-Retinal-OCT-images/NORMAL50.jpeg,[],['normal']
500,OCT05_OCTID/Normal-Retinal-OCT-images/NORMAL82.jpeg,[],['normal']
501,OCT05_OCTID/Normal-Retinal-OCT-images/NORMAL166.jpeg,[],['normal']
502,OCT05_OCTID/Normal-Retinal-OCT-images/NORMAL43.jpeg,[],['normal']
503,OCT05_OCTID/Normal-Retinal-OCT-images/NORMAL34.jpeg,[],['normal']
504,OCT05_OCTID/Normal-Retinal-OCT-images/NORMAL83.jpeg,[],['normal']
505,OCT05_OCTID/Normal-Retinal-OCT-images/NORMAL119.jpeg,[],['normal']
506,OCT05_OCTID/Normal-Retinal-OCT-images/NORMAL153.jpeg,[],['normal']
507,OCT05_OCTID/Normal-Retinal-OCT-images/NORMAL95.jpeg,[],['normal']
508,OCT05_OCTID/Normal-Retinal-OCT-images/NORMAL3.jpeg,[],['normal']
509,OCT05_OCTID/Normal-Retinal-OCT-images/NORMAL111.jpeg,[],['normal']
510,OCT05_OCTID/Normal-Retinal-OCT-images/NORMAL81.jpeg,[],['normal']
511,OCT05_OCTID/Normal-Retinal-OCT-images/NORMAL84.jpeg,[],['normal']
512,OCT05_OCTID/Normal-Retinal-OCT-images/NORMAL93.jpeg,[],['normal']
513,OCT05_OCTID/Normal-Retinal-OCT-images/NORMAL108.jpeg,[],['normal']
514,OCT05_OCTID/Normal-Retinal-OCT-images/NORMAL96.jpeg,[],['normal']
515,OCT05_OCTID/Normal-Retinal-OCT-images/NORMAL18.jpeg,[],['normal']
516,OCT05_OCTID/Normal-Retinal-OCT-images/NORMAL25.jpeg,[],['normal']
517,OCT05_OCTID/Normal-Retinal-OCT-images/NORMAL198.jpeg,[],['normal']
518,OCT05_OCTID/Normal-Retinal-OCT-images/NORMAL68.jpeg,[],['normal']
519,OCT05_OCTID/Normal-Retinal-OCT-images/NORMAL30.jpeg,[],['normal']
520,OCT05_OCTID/Normal-Retinal-OCT-images/NORMAL27.jpeg,[],['normal']
521,OCT05_OCTID/Normal-Retinal-OCT-images/NORMAL134.jpeg,[],['normal']
522,OCT05_OCTID/Normal-Retinal-OCT-images/NORMAL125.jpeg,[],['normal']
523,OCT05_OCTID/Normal-Retinal-OCT-images/NORMAL147.jpeg,[],['normal']
524,OCT05_OCTID/Normal-Retinal-OCT-images/NORMAL36.jpeg,[],['normal']
525,OCT05_OCTID/Normal-Retinal-OCT-images/NORMAL196.jpeg,[],['normal']
526,OCT05_OCTID/Normal-Retinal-OCT-images/NORMAL142.jpeg,[],['normal']
527,OCT05_OCTID/Normal-Retinal-OCT-images/NORMAL157.jpeg,[],['normal']
528,OCT05_OCTID/Normal-Retinal-OCT-images/NORMAL137.jpeg,[],['normal']
529,OCT05_OCTID/Normal-Retinal-OCT-images/NORMAL73.jpeg,[],['normal']
530,OCT05_OCTID/Normal-Retinal-OCT-images/NORMAL44.jpeg,[],['normal']
531,OCT05_OCTID/Normal-Retinal-OCT-images/NORMAL69.jpeg,[],['normal']
532,OCT05_OCTID/Normal-Retinal-OCT-images/NORMAL94.jpeg,[],['normal']
533,OCT05_OCTID/Normal-Retinal-OCT-images/NORMAL12.jpeg,[],['normal']
534,OCT05_OCTID/Normal-Retinal-OCT-images/NORMAL2.jpeg,[],['normal']
535,OCT05_OCTID/Normal-Retinal-OCT-images/NORMAL80.jpeg,[],['normal']
536,OCT05_OCTID/Normal-Retinal-OCT-images/NORMAL129.jpeg,[],['normal']
537,OCT05_OCTID/Normal-Retinal-OCT-images/NORMAL154.jpeg,[],['normal']
538,OCT05_OCTID/Normal-Retinal-OCT-images/NORMAL187.jpeg,[],['normal']
539,OCT05_OCTID/Normal-Retinal-OCT-images/NORMAL4.jpeg,[],['normal']
540,OCT05_OCTID/Normal-Retinal-OCT-images/NORMAL162.jpeg,[],['normal']
541,OCT05_OCTID/Normal-Retinal-OCT-images/NORMAL51.jpeg,[],['normal']
542,OCT05_OCTID/Normal-Retinal-OCT-images/NORMAL158.jpeg,[],['normal']
543,OCT05_OCTID/Normal-Retinal-OCT-images/NORMAL132.jpeg,[],['normal']
544,OCT05_OCTID/Normal-Retinal-OCT-images/NORMAL120.jpeg,[],['normal']
545,OCT05_OCTID/Normal-Retinal-OCT-images/NORMAL149.jpeg,[],['normal']
546,OCT05_OCTID/Normal-Retinal-OCT-images/NORMAL87.jpeg,[],['normal']
547,OCT05_OCTID/Normal-Retinal-OCT-images/NORMAL193.jpeg,[],['normal']
548,OCT05_OCTID/Normal-Retinal-OCT-images/NORMAL35.jpeg,[],['normal']
549,OCT05_OCTID/Normal-Retinal-OCT-images/NORMAL128.jpeg,[],['normal']
550,OCT05_OCTID/Normal-Retinal-OCT-images/NORMAL113.jpeg,[],['normal']
551,OCT05_OCTID/Normal-Retinal-OCT-images/NORMAL172.jpeg,[],['normal']
552,OCT05_OCTID/Normal-Retinal-OCT-images/NORMAL91.jpeg,[],['normal']
553,OCT05_OCTID/Normal-Retinal-OCT-images/NORMAL19.jpeg,[],['normal']
554,OCT05_OCTID/Normal-Retinal-OCT-images/NORMAL121.jpeg,[],['normal']
555,OCT05_OCTID/Normal-Retinal-OCT-images/NORMAL16.jpeg,[],['normal']
556,OCT05_OCTID/Normal-Retinal-OCT-images/NORMAL110.jpeg,[],['normal']
557,OCT05_OCTID/Normal-Retinal-OCT-images/NORMAL186.jpeg,[],['normal']
558,OCT05_OCTID/Normal-Retinal-OCT-images/NORMAL102.jpeg,[],['normal']
559,OCT05_OCTID/Normal-Retinal-OCT-images/NORMAL107.jpeg,[],['normal']
560,OCT05_OCTID/Normal-Retinal-OCT-images/NORMAL26.jpeg,[],['normal']
561,OCT05_OCTID/Normal-Retinal-OCT-images/NORMAL164.jpeg,[],['normal']
562,OCT05_OCTID/Normal-Retinal-OCT-images/NORMAL178.jpeg,[],['normal']
563,OCT05_OCTID/Normal-Retinal-OCT-images/NORMAL52.jpeg,[],['normal']
564,OCT05_OCTID/Normal-Retinal-OCT-images/NORMAL97.jpeg,[],['normal']
565,OCT05_OCTID/Normal-Retinal-OCT-images/NORMAL75.jpeg,[],['normal']
566,OCT05_OCTID/Normal-Retinal-OCT-images/NORMAL90.jpeg,[],['normal']
567,OCT05_OCTID/Normal-Retinal-OCT-images/NORMAL33.jpeg,[],['normal']
568,OCT05_OCTID/Normal-Retinal-OCT-images/NORMAL55.jpeg,[],['normal']
569,OCT05_OCTID/Normal-Retinal-OCT-images/NORMAL42.jpeg,[],['normal']
570,OCT05_OCTID/Normal-Retinal-OCT-images/NORMAL202.jpeg,[],['normal']
571,OCT05_OCTID/Normal-Retinal-OCT-images/NORMAL139.jpeg,[],['normal']
